﻿Designator,Footprint,Quantity,Value,LCSC Part #
"D1, D10, D11, D12, D13, D14, D15, D16, D17, D18, D19, D2, D20, D21, D22, D23, D24, D25, D26, D27, D28, D29, D3, D30, D31, D32, D33, D34, D35, D36, D37, D38, D39, D4, D40, D41, D42, D43, D44, D45, D46, D47, D48, D49, D5, D50, D51, D52, D53, D54, D55, D56, D57, D58, D59, D6, D60, D61, D62, D63, D64, D65, D66, D67, D7, D8, D9",D_SOD123,67,1N4148W,
H1,FIKOZ_logo_1,1,Logo,
RST1,PinHeader_1x02_P2.54mm_Vertical,1,Reset,
"S1, S2, S3",Stabilizer_Cherry_MX_2.00u,3,MX_stab,
S4,Stabilizer_Cherry_MX_6.25u,1,MX_stab,
S5,Stabilizer_Cherry_MX_7.00u,1,MX_stab,
SW1,SW_Hotswap_Kailh_MX_1.00u,1,Esc,
SW10,SW_Hotswap_Kailh_MX_1.00u,1,9,
SW11,SW_Hotswap_Kailh_MX_1.00u,1,0,
SW12,SW_Hotswap_Kailh_MX_1.00u,1,-_,
SW13,SW_Hotswap_Kailh_MX_1.00u,1,=+,
SW14,SW_Hotswap_Kailh_MX_1.00u,1,Backspace,
SW15,SW_Hotswap_Kailh_MX_1.00u,1,Home,
SW16,SW_Hotswap_Kailh_MX_1.00u,1,Tab,
SW17,SW_Hotswap_Kailh_MX_1.00u,1,q,
SW18,SW_Hotswap_Kailh_MX_1.00u,1,w,
SW19,SW_Hotswap_Kailh_MX_1.00u,1,e,
SW2,SW_Hotswap_Kailh_MX_1.00u,1,1,
SW20,SW_Hotswap_Kailh_MX_1.00u,1,r,
SW21,SW_Hotswap_Kailh_MX_1.00u,1,t,
SW22,SW_Hotswap_Kailh_MX_1.00u,1,y,
SW23,SW_Hotswap_Kailh_MX_1.00u,1,u,
SW24,SW_Hotswap_Kailh_MX_1.00u,1,i,
SW25,SW_Hotswap_Kailh_MX_1.00u,1,o,
SW26,SW_Hotswap_Kailh_MX_1.00u,1,p,
SW27,SW_Hotswap_Kailh_MX_1.00u,1,[ {,
SW28,SW_Hotswap_Kailh_MX_1.00u,1,} ],
SW29,SW_Hotswap_Kailh_MX_1.00u,1,\ |,
SW3,SW_Hotswap_Kailh_MX_1.00u,1,2,
SW30,SW_Hotswap_Kailh_MX_1.00u,1,End,
SW31,SW_Hotswap_Kailh_MX_1.75u,1,Capslock,
SW32,SW_Hotswap_Kailh_MX_1.00u,1,a,
SW33,SW_Hotswap_Kailh_MX_1.00u,1,s,
SW34,SW_Hotswap_Kailh_MX_1.00u,1,d,
SW35,SW_Hotswap_Kailh_MX_1.00u,1,f,
SW36,SW_Hotswap_Kailh_MX_1.00u,1,g,
SW37,SW_Hotswap_Kailh_MX_1.00u,1,h,
SW38,SW_Hotswap_Kailh_MX_1.00u,1,j,
SW39,SW_Hotswap_Kailh_MX_1.00u,1,k,
SW4,SW_Hotswap_Kailh_MX_1.00u,1,3,
SW40,SW_Hotswap_Kailh_MX_1.00u,1,l,
SW41,SW_Hotswap_Kailh_MX_1.00u,1,; :,
SW42,SW_Hotswap_Kailh_MX_1.00u,1,"' """,
SW43,SW_Hotswap_Kailh_MX_1.00u,1,Enter,
SW44,SW_Hotswap_Kailh_MX_1.00u,1,pg up,
SW45,SW_Hotswap_Kailh_MX_1.00u,1,L shift,
SW46,SW_Hotswap_Kailh_MX_1.00u,1,z,
SW47,SW_Hotswap_Kailh_MX_1.00u,1,x,
SW48,SW_Hotswap_Kailh_MX_1.00u,1,c,
SW49,SW_Hotswap_Kailh_MX_1.00u,1,v,
SW5,SW_Hotswap_Kailh_MX_1.00u,1,4,
SW50,SW_Hotswap_Kailh_MX_1.00u,1,b,
SW51,SW_Hotswap_Kailh_MX_1.00u,1,n,
SW52,SW_Hotswap_Kailh_MX_1.00u,1,m,
SW53,SW_Hotswap_Kailh_MX_1.00u,1,", <",
SW54,SW_Hotswap_Kailh_MX_1.00u,1,. >,
SW55,SW_Hotswap_Kailh_MX_1.00u,1,/ ?,
SW56,SW_Hotswap_Kailh_MX_1.00u,1,R shift,
SW57,SW_Hotswap_Kailh_MX_1.00u,1,UP,
SW58,SW_Hotswap_Kailh_MX_1.00u,1,pg down,
SW59,SW_Hotswap_Kailh_MX_1.25u,1,L ctrl,
SW6,SW_Hotswap_Kailh_MX_1.00u,1,5,
"SW60, SW69",SW_Hotswap_Kailh_MX_1.00u,2,L win,
SW61,SW_Hotswap_Kailh_MX_1.00u,1,L alt,
SW62,SW_Hotswap_Kailh_MX_1.00u,1,"6,25u",
SW63,SW_Hotswap_Kailh_MX_1.00u,1,R alt,
SW64,SW_Hotswap_Kailh_MX_1.00u,1,R ctrl,
SW65,SW_Hotswap_Kailh_MX_1.00u,1,LEFT,
SW66,SW_Hotswap_Kailh_MX_1.00u,1,DOWN,
SW67,SW_Hotswap_Kailh_MX_1.00u,1,RIGHT,
"SW68, SW70",SW_Hotswap_Kailh_MX_1.50u,2,L ctrl,
SW7,SW_Hotswap_Kailh_MX_1.00u,1,6,
SW71,SW_Hotswap_Kailh_MX_7.00u,1,7u,
SW72,SW_Hotswap_Kailh_MX_1.50u,1,R ctrl,
SW73,SW_Hotswap_Kailh_MX_1.25u,1,Capslock,
SW8,SW_Hotswap_Kailh_MX_1.00u,1,7,
SW9,SW_Hotswap_Kailh_MX_1.00u,1,8,
U1,ProMicro-NoSilk,1,ProMicro,
